﻿<parameters>
  <parameter name="IIS Web Application Name" defaultValue="Default Web Site/MyKiosco_deploy" tags="IisApp">
    <parameterEntry kind="ProviderPath" scope="IisApp" match="^C:\\GitHub\\3ro-Programacion-III\\Codigo\\Javier\ Pintos\\MyKiosco\\MyKiosco\\obj\\Release\\Package\\PackageTmp$" />
    <parameterEntry kind="ProviderPath" scope="setAcl" match="^C:\\GitHub\\3ro-Programacion-III\\Codigo\\Javier\ Pintos\\MyKiosco\\MyKiosco\\obj\\Release\\Package\\PackageTmp$" />
  </parameter>
  <parameter name="ApplicationServices-Web.config Connection String" description="ApplicationServices Cadena de conexión que usa la aplicación en web.config para obtener acceso a la base de datos." defaultValue="data source=.\SQLEXPRESS;Integrated Security=SSPI;AttachDBFilename=|DataDirectory|\aspnetdb.mdf;User Instance=true" tags="SqlConnectionString">
    <parameterEntry kind="XmlFile" scope="C:\\GitHub\\3ro-Programacion-III\\Codigo\\Javier\ Pintos\\MyKiosco\\MyKiosco\\obj\\Release\\Package\\PackageTmp\\Web\.config$" match="/configuration/connectionStrings/add[@name='ApplicationServices']/@connectionString" />
  </parameter>
  <parameter name="SQLServer-Web.config Connection String" description="SQLServer Cadena de conexión que usa la aplicación en web.config para obtener acceso a la base de datos." defaultValue="Data Source=WIFILSON;Initial Catalog=MyKiosco;User ID=sa;Password=sa" tags="SqlConnectionString">
    <parameterEntry kind="XmlFile" scope="C:\\GitHub\\3ro-Programacion-III\\Codigo\\Javier\ Pintos\\MyKiosco\\MyKiosco\\obj\\Release\\Package\\PackageTmp\\Web\.config$" match="/configuration/connectionStrings/add[@name='SQLServer']/@connectionString" />
  </parameter>
</parameters>